USE [University]
GO

--- POPULATE TABLE 1: DAY ---

INSERT [DAY](Day_Code) Values ('M')
INSERT [DAY](Day_Code) Values ('T')
INSERT [DAY](Day_Code) Values ('W')
INSERT [DAY](Day_Code) Values ('TH')
INSERT [DAY](Day_Code) Values ('F')
INSERT [DAY](Day_Code) Values ('M/T')
INSERT [DAY](Day_Code) Values ('M/W')
INSERT [DAY](Day_Code) Values ('M/TH')
INSERT [DAY](Day_Code) Values ('M/F')
INSERT [DAY](Day_Code) Values ('T/W')
INSERT [DAY](Day_Code) Values ('T/TH')
INSERT [DAY](Day_Code) Values ('T/F')
INSERT [DAY](Day_Code) Values ('W/TH')
INSERT [DAY](Day_Code) Values ('W/F')
INSERT [DAY](Day_Code) Values ('TH/F')

--- POPULATE TABLE 2: SLOT ---

INSERT SLOT(Day_ID, Start_Time, End_Time) Values (1, '09:00:00', '10:15:00')
INSERT SLOT(Day_ID, Start_Time, End_Time) Values (2, '09:00:00', '10:15:00')
INSERT SLOT(Day_ID, Start_Time, End_Time) Values (3, '09:00:00', '10:15:00')
INSERT SLOT(Day_ID, Start_Time, End_Time) Values (4, '09:00:00', '10:15:00')
INSERT SLOT(Day_ID, Start_Time, End_Time) Values (5, '09:00:00', '10:15:00')
INSERT SLOT(Day_ID, Start_Time, End_Time) Values (6, '09:00:00', '10:15:00')
INSERT SLOT(Day_ID, Start_Time, End_Time) Values (7, '09:00:00', '10:15:00')
INSERT SLOT(Day_ID, Start_Time, End_Time) Values (8, '09:00:00', '10:15:00')
INSERT SLOT(Day_ID, Start_Time, End_Time) Values (9, '09:00:00', '10:15:00')
INSERT SLOT(Day_ID, Start_Time, End_Time) Values (10, '09:00:00', '10:15:00')
INSERT SLOT(Day_ID, Start_Time, End_Time) Values (11, '09:00:00', '10:15:00')
INSERT SLOT(Day_ID, Start_Time, End_Time) Values (12, '09:00:00', '10:15:00')
INSERT SLOT(Day_ID, Start_Time, End_Time) Values (13, '09:00:00', '10:15:00')
INSERT SLOT(Day_ID, Start_Time, End_Time) Values (14, '09:00:00', '10:15:00')
INSERT SLOT(Day_ID, Start_Time, End_Time) Values (15, '09:00:00', '10:15:00')
INSERT SLOT(Day_ID, Start_Time, End_Time) Values (1, '10:20:00', '11:35:00')
INSERT SLOT(Day_ID, Start_Time, End_Time) Values (2, '10:20:00', '11:35:00')
INSERT SLOT(Day_ID, Start_Time, End_Time) Values (3, '10:20:00', '11:35:00')
INSERT SLOT(Day_ID, Start_Time, End_Time) Values (4, '10:20:00', '11:35:00')
INSERT SLOT(Day_ID, Start_Time, End_Time) Values (5, '10:20:00', '11:35:00')
INSERT SLOT(Day_ID, Start_Time, End_Time) Values (6, '10:20:00', '11:35:00')
INSERT SLOT(Day_ID, Start_Time, End_Time) Values (7, '10:20:00', '11:35:00')
INSERT SLOT(Day_ID, Start_Time, End_Time) Values (8, '10:20:00', '11:35:00')
INSERT SLOT(Day_ID, Start_Time, End_Time) Values (9, '10:20:00', '11:35:00')
INSERT SLOT(Day_ID, Start_Time, End_Time) Values (10, '10:20:00', '11:35:00')
INSERT SLOT(Day_ID, Start_Time, End_Time) Values (11, '10:20:00', '11:35:00')
INSERT SLOT(Day_ID, Start_Time, End_Time) Values (12, '10:20:00', '11:35:00')
INSERT SLOT(Day_ID, Start_Time, End_Time) Values (13, '10:20:00', '11:35:00')
INSERT SLOT(Day_ID, Start_Time, End_Time) Values (14, '10:20:00', '11:35:00')
INSERT SLOT(Day_ID, Start_Time, End_Time) Values (15, '10:20:00', '11:35:00')
INSERT SLOT(Day_ID, Start_Time, End_Time) Values (1, '11:40:00', '12:55:00')
INSERT SLOT(Day_ID, Start_Time, End_Time) Values (2, '11:40:00', '12:55:00')
INSERT SLOT(Day_ID, Start_Time, End_Time) Values (3, '11:40:00', '12:55:00')
INSERT SLOT(Day_ID, Start_Time, End_Time) Values (4, '11:40:00', '12:55:00')
INSERT SLOT(Day_ID, Start_Time, End_Time) Values (5, '11:40:00', '12:55:00')
INSERT SLOT(Day_ID, Start_Time, End_Time) Values (6, '11:40:00', '12:55:00')
INSERT SLOT(Day_ID, Start_Time, End_Time) Values (7, '11:40:00', '12:55:00')
INSERT SLOT(Day_ID, Start_Time, End_Time) Values (8, '11:40:00', '12:55:00')
INSERT SLOT(Day_ID, Start_Time, End_Time) Values (9, '11:40:00', '12:55:00')
INSERT SLOT(Day_ID, Start_Time, End_Time) Values (10, '11:40:00', '12:55:00')
INSERT SLOT(Day_ID, Start_Time, End_Time) Values (11, '11:40:00', '12:55:00')
INSERT SLOT(Day_ID, Start_Time, End_Time) Values (12, '11:40:00', '12:55:00')
INSERT SLOT(Day_ID, Start_Time, End_Time) Values (13, '11:40:00', '12:55:00')
INSERT SLOT(Day_ID, Start_Time, End_Time) Values (14, '11:40:00', '12:55:00')
INSERT SLOT(Day_ID, Start_Time, End_Time) Values (15, '11:40:00', '12:55:00')
INSERT SLOT(Day_ID, Start_Time, End_Time) Values (1, '14:00:00', '15:15:00')
INSERT SLOT(Day_ID, Start_Time, End_Time) Values (2, '14:00:00', '15:15:00')
INSERT SLOT(Day_ID, Start_Time, End_Time) Values (3, '14:00:00', '15:15:00')
INSERT SLOT(Day_ID, Start_Time, End_Time) Values (4, '14:00:00', '15:15:00')
INSERT SLOT(Day_ID, Start_Time, End_Time) Values (5, '14:00:00', '15:15:00')
INSERT SLOT(Day_ID, Start_Time, End_Time) Values (6, '14:00:00', '15:15:00')
INSERT SLOT(Day_ID, Start_Time, End_Time) Values (7, '14:00:00', '15:15:00')
INSERT SLOT(Day_ID, Start_Time, End_Time) Values (8, '14:00:00', '15:15:00')
INSERT SLOT(Day_ID, Start_Time, End_Time) Values (9, '14:00:00', '15:15:00')
INSERT SLOT(Day_ID, Start_Time, End_Time) Values (10, '14:00:00', '15:15:00')
INSERT SLOT(Day_ID, Start_Time, End_Time) Values (11, '14:00:00', '15:15:00')
INSERT SLOT(Day_ID, Start_Time, End_Time) Values (12, '14:00:00', '15:15:00')
INSERT SLOT(Day_ID, Start_Time, End_Time) Values (13, '14:00:00', '15:15:00')
INSERT SLOT(Day_ID, Start_Time, End_Time) Values (14, '14:00:00', '15:15:00')
INSERT SLOT(Day_ID, Start_Time, End_Time) Values (15, '14:00:00', '15:15:00')
INSERT SLOT(Day_ID, Start_Time, End_Time) Values (1, '15:20:00', '16:35:00')
INSERT SLOT(Day_ID, Start_Time, End_Time) Values (2, '15:20:00', '16:35:00')
INSERT SLOT(Day_ID, Start_Time, End_Time) Values (3, '15:20:00', '16:35:00')
INSERT SLOT(Day_ID, Start_Time, End_Time) Values (4, '15:20:00', '16:35:00')
INSERT SLOT(Day_ID, Start_Time, End_Time) Values (5, '15:20:00', '16:35:00')
INSERT SLOT(Day_ID, Start_Time, End_Time) Values (6, '15:20:00', '16:35:00')
INSERT SLOT(Day_ID, Start_Time, End_Time) Values (7, '15:20:00', '16:35:00')
INSERT SLOT(Day_ID, Start_Time, End_Time) Values (8, '15:20:00', '16:35:00')
INSERT SLOT(Day_ID, Start_Time, End_Time) Values (9, '15:20:00', '16:35:00')
INSERT SLOT(Day_ID, Start_Time, End_Time) Values (10, '15:20:00', '16:35:00')
INSERT SLOT(Day_ID, Start_Time, End_Time) Values (11, '15:20:00', '16:35:00')
INSERT SLOT(Day_ID, Start_Time, End_Time) Values (12, '15:20:00', '16:35:00')
INSERT SLOT(Day_ID, Start_Time, End_Time) Values (13, '15:20:00', '16:35:00')
INSERT SLOT(Day_ID, Start_Time, End_Time) Values (14, '15:20:00', '16:35:00')
INSERT SLOT(Day_ID, Start_Time, End_Time) Values (15, '15:20:00', '16:35:00')
INSERT SLOT(Day_ID, Start_Time, End_Time) Values (1, '16:40:00', '17:55:00')
INSERT SLOT(Day_ID, Start_Time, End_Time) Values (2, '16:40:00', '17:55:00')
INSERT SLOT(Day_ID, Start_Time, End_Time) Values (3, '16:40:00', '17:55:00')
INSERT SLOT(Day_ID, Start_Time, End_Time) Values (4, '16:40:00', '17:55:00')
INSERT SLOT(Day_ID, Start_Time, End_Time) Values (5, '16:40:00', '17:55:00')
INSERT SLOT(Day_ID, Start_Time, End_Time) Values (6, '16:40:00', '17:55:00')
INSERT SLOT(Day_ID, Start_Time, End_Time) Values (7, '16:40:00', '17:55:00')
INSERT SLOT(Day_ID, Start_Time, End_Time) Values (8, '16:40:00', '17:55:00')
INSERT SLOT(Day_ID, Start_Time, End_Time) Values (9, '16:40:00', '17:55:00')
INSERT SLOT(Day_ID, Start_Time, End_Time) Values (10, '16:40:00', '17:55:00')
INSERT SLOT(Day_ID, Start_Time, End_Time) Values (11, '16:40:00', '17:55:00')
INSERT SLOT(Day_ID, Start_Time, End_Time) Values (12, '16:40:00', '17:55:00')
INSERT SLOT(Day_ID, Start_Time, End_Time) Values (13, '16:40:00', '17:55:00')
INSERT SLOT(Day_ID, Start_Time, End_Time) Values (14, '16:40:00', '17:55:00')
INSERT SLOT(Day_ID, Start_Time, End_Time) Values (15, '16:40:00', '17:55:00')

--- POPULATE TABLE 3: DEGREE_TITLE ---

INSERT DEGREE_TYPE(Degree_Title) Values ('PhD Architectural Analysis')
INSERT DEGREE_TYPE(Degree_Title) Values ('PhD Mathematics')
INSERT DEGREE_TYPE(Degree_Title) Values ('PhD Chemical Engineering')
INSERT DEGREE_TYPE(Degree_Title) Values ('PhD Computer Engineering')
INSERT DEGREE_TYPE(Degree_Title) Values ('PhD Software Engineering')
INSERT DEGREE_TYPE(Degree_Title) Values ('MS Mechanical Engineering')
INSERT DEGREE_TYPE(Degree_Title) Values ('BS Statistical Analysis')

--- POPULATE TABLE 4: LOCATION_TYPE ---

INSERT LOCATION_TYPE(Loc_Type) VALUES('Computer Lab')
INSERT LOCATION_TYPE(Loc_Type) VALUES('Science Lab')
INSERT LOCATION_TYPE(Loc_Type) VALUES('Library')
INSERT LOCATION_TYPE(Loc_Type) VALUES('Classroom A')
INSERT LOCATION_TYPE(Loc_Type) VALUES('Classroom B')
INSERT LOCATION_TYPE(Loc_Type) VALUES('Classroom C')
INSERT LOCATION_TYPE(Loc_Type) VALUES('Lecture Hall')
INSERT LOCATION_TYPE(Loc_Type) VALUES('Gymnasium')
INSERT LOCATION_TYPE(Loc_Type) VALUES('Auditorium')

--- POPULATE TABLE 5: LOCATION ---

INSERT LOCATION(Room_Num, Location_Type_ID) VALUES(100, 2)
INSERT LOCATION(Room_Num, Location_Type_ID) VALUES(200, 5)
INSERT LOCATION(Room_Num, Location_Type_ID) VALUES(300, 1)
INSERT LOCATION(Room_Num, Location_Type_ID) VALUES(400, 4)
INSERT LOCATION(Room_Num, Location_Type_ID) VALUES(500, 9)
INSERT LOCATION(Room_Num, Location_Type_ID) VALUES(600, 7)
INSERT LOCATION(Room_Num, Location_Type_ID) VALUES(700, 6)
INSERT LOCATION(Room_Num, Location_Type_ID) VALUES(800, 3)
INSERT LOCATION(Room_Num, Location_Type_ID) VALUES(900, 8)

--- POPULATE TABLE 6: SEMESTER ---

INSERT SEMESTER(Season, Year) VALUES('Fall', '2020')
INSERT SEMESTER(Season, Year) VALUES('Spring', '2020')
INSERT SEMESTER(Season, Year) VALUES('Fall', '2021')
INSERT SEMESTER(Season, Year) VALUES('Spring', '2021')

--- POPULATE TABLE 7: GRADE ---

INSERT GRADE(Letter_Grade) VALUES('A+')
INSERT GRADE(Letter_Grade) VALUES('A')
INSERT GRADE(Letter_Grade) VALUES('A-')
INSERT GRADE(Letter_Grade) VALUES('B+')
INSERT GRADE(Letter_Grade) VALUES('B')
INSERT GRADE(Letter_Grade) VALUES('B-')
INSERT GRADE(Letter_Grade) VALUES('C+')
INSERT GRADE(Letter_Grade) VALUES('C')
INSERT GRADE(Letter_Grade) VALUES('C-')
INSERT GRADE(Letter_Grade) VALUES('D')
INSERT GRADE(Letter_Grade) VALUES('F')
INSERT GRADE(Letter_Grade) VALUES('P')
INSERT GRADE(Letter_Grade) VALUES('W')
INSERT GRADE(Letter_Grade) VALUES('I')

--- POPULATE TABLE 8: STUDENTSTATUS ---

INSERT STUDENT_STATUS(Year_Status) VALUES('Freshman')
INSERT STUDENT_STATUS(Year_Status) VALUES('Sophomore')
INSERT STUDENT_STATUS(Year_Status) VALUES('Junior')
INSERT STUDENT_STATUS(Year_Status) VALUES('Senior')

--- POPULATE TABLE 9: HONORS ---

INSERT HONORS(Honors_Status) VALUES(0)
INSERT HONORS(Honors_Status) VALUES(1)

--- POPULATE TABLE 10: FACULTY_TYPE ---

INSERT FACULTY_TYPE(Faculty_Type) VALUES('Department Chair')
INSERT FACULTY_TYPE(Faculty_Type) VALUES('Full-Time Professor')
INSERT FACULTY_TYPE(Faculty_Type) VALUES('Part-Time Professor')
INSERT FACULTY_TYPE(Faculty_Type) VALUES('Visiting Professor')
INSERT FACULTY_TYPE(Faculty_Type) VALUES('Department Advisor')

--- POPULATE TABLE 11: DEPARTMENT ---

INSERT DEPARTMENT(Dept_Name, Code) VALUES('Mathematics', 'MAT')
INSERT DEPARTMENT(Dept_Name, Code) VALUES('Computer Science', 'CSC')
INSERT DEPARTMENT(Dept_Name, Code) VALUES('Engineering', 'ENG')
INSERT DEPARTMENT(Dept_Name, Code) VALUES('Physics', 'PHY')
INSERT DEPARTMENT(Dept_Name, Code) VALUES('Biology', 'BIO')
INSERT DEPARTMENT(Dept_Name, Code) VALUES('Chemistry', 'CHE')
INSERT DEPARTMENT(Dept_Name, Code) VALUES('Architecture', 'ARC')
INSERT DEPARTMENT(Dept_Name, Code) VALUES('Earth Science', 'ESC')
INSERT DEPARTMENT(Dept_Name, Code) VALUES('Aeronautics', 'AER')

--- POPULATE TABLE 12: MAJOR ---

INSERT MAJOR(Major_Name) VALUES('Applied Mathematics')
INSERT MAJOR(Major_Name) VALUES('Pure Mathematics')
INSERT MAJOR(Major_Name) VALUES('Statistical Sciences')
INSERT MAJOR(Major_Name) VALUES('Data Science')
INSERT MAJOR(Major_Name) VALUES('Aerospace Eng.')
INSERT MAJOR(Major_Name) VALUES('Civil Eng.')
INSERT MAJOR(Major_Name) VALUES('Mechanical Eng.')
INSERT MAJOR(Major_Name) VALUES('Software Eng.')
INSERT MAJOR(Major_Name) VALUES('Chemical Eng.')
INSERT MAJOR(Major_Name) VALUES('Biochemical Eng.')
INSERT MAJOR(Major_Name) VALUES('Physics')
INSERT MAJOR(Major_Name) VALUES('Biology')
INSERT MAJOR(Major_Name) VALUES('Chemistry')
INSERT MAJOR(Major_Name) VALUES('Architecture')
INSERT MAJOR(Major_Name) VALUES('Geological Sciences')
INSERT MAJOR(Major_Name) VALUES('Weather Sciences')
INSERT MAJOR(Major_Name) VALUES('Economics')

--- POPULATE TABLE 13: MINOR ---

INSERT MINOR(Minor_Name) VALUES('Mathematics')
INSERT MINOR(Minor_Name) VALUES('Biology')
INSERT MINOR(Minor_Name) VALUES('Chemistry')
INSERT MINOR(Minor_Name) VALUES('Physics')
INSERT MINOR(Minor_Name) VALUES('Engineering')
INSERT MINOR(Minor_Name) VALUES('Architecture')
INSERT MINOR(Minor_Name) VALUES('Data Science')
INSERT MINOR(Minor_Name) VALUES('Statistics')
INSERT MINOR(Minor_Name) VALUES('Earth Sciences')

--- POPULATE TABLE 14: INSTRUCTOR ---

INSERT Instructor(Instructor_Title, First_Name, Last_Name, Dept_ID, Faculty_Type_ID) VALUES('Dr.', 'Sarah', 'Adams', 7, 2)
INSERT Instructor(Instructor_Title, First_Name, Last_Name, Dept_ID, Faculty_Type_ID) VALUES('Dr.', 'Robert', 'Mitchell', 1, 1)
INSERT Instructor(Instructor_Title, First_Name, Last_Name, Dept_ID, Faculty_Type_ID) VALUES('Dr.', 'James', 'Parker', 6, 4)
INSERT Instructor(Instructor_Title, First_Name, Last_Name, Dept_ID, Faculty_Type_ID) VALUES('Dr.', 'Emily', 'Turner', 3, 3)
INSERT Instructor(Instructor_Title, First_Name, Last_Name, Dept_ID, Faculty_Type_ID) VALUES('Dr.', 'Daniel', 'Carter', 2, 3)
INSERT Instructor(Instructor_Title, First_Name, Last_Name, Dept_ID, Faculty_Type_ID) VALUES('Prof.', 'Jennifer', 'Foster', 3, 2)
INSERT Instructor(Instructor_Title, First_Name, Last_Name, Dept_ID, Faculty_Type_ID) VALUES('Prof.', 'Michael', 'Sullivan', 1, 5)

--- POPULATE TABLE 15: DEGREE ---

INSERT Degree(Instructor_ID, Degree_Type_ID) VALUES(1, 1)
INSERT Degree(Instructor_ID, Degree_Type_ID) VALUES(2, 2)
INSERT Degree(Instructor_ID, Degree_Type_ID) VALUES(3, 3)
INSERT Degree(Instructor_ID, Degree_Type_ID) VALUES(4, 4)
INSERT Degree(Instructor_ID, Degree_Type_ID) VALUES(5, 5)
INSERT Degree(Instructor_ID, Degree_Type_ID) VALUES(6, 6)
INSERT Degree(Instructor_ID, Degree_Type_ID) VALUES(7, 7)

--- POPULATE TABLE 16: STUDENT ---

INSERT Student(First_Name, Last_Name, DOB, Honors_ID, Status_ID) VALUES ('John', 'Smith', '2003-01-02', 2, 1)
INSERT Student(First_Name, Last_Name, DOB, Honors_ID, Status_ID) VALUES ('Emily', 'Johnson', '2003-02-03', 1, 2)
INSERT Student(First_Name, Last_Name, DOB, Honors_ID, Status_ID) VALUES ('Michael', 'Brown', '2003-03-04', 2, 3)
INSERT Student(First_Name, Last_Name, DOB, Honors_ID, Status_ID) VALUES ('Sarah', 'Davis', '2003-04-05', 1, 4)
INSERT Student(First_Name, Last_Name, DOB, Honors_ID, Status_ID) VALUES ('David', 'Wilson', '2003-05-06', 2, 1)
INSERT Student(First_Name, Last_Name, DOB, Honors_ID, Status_ID) VALUES ('Jennifer', 'Lee', '2003-06-07', 1, 2)
INSERT Student(First_Name, Last_Name, DOB, Honors_ID, Status_ID) VALUES ('Robert', 'Anderson', '2003-07-08', 2, 3)
INSERT Student(First_Name, Last_Name, DOB, Honors_ID, Status_ID) VALUES ('Jessica', 'Thomas', '2003-08-09', 1, 4)
INSERT Student(First_Name, Last_Name, DOB, Honors_ID, Status_ID) VALUES ('James', 'Jackson', '2003-09-10', 2, 1)
INSERT Student(First_Name, Last_Name, DOB, Honors_ID, Status_ID) VALUES ('Olivia', 'White', '2003-10-11', 1, 2)
INSERT Student(First_Name, Last_Name, DOB, Honors_ID, Status_ID) VALUES ('William', 'Harris', '2003-11-12', 2, 3)
INSERT Student(First_Name, Last_Name, DOB, Honors_ID, Status_ID) VALUES ('Sophia', 'Martinez', '2003-12-13', 1, 4)
INSERT Student(First_Name, Last_Name, DOB, Honors_ID, Status_ID) VALUES ('Joseph', 'Taylor', '2003-01-14', 2, 1)
INSERT Student(First_Name, Last_Name, DOB, Honors_ID, Status_ID) VALUES ('Emma', 'Garcia', '2003-02-15', 1, 2)
INSERT Student(First_Name, Last_Name, DOB, Honors_ID, Status_ID) VALUES ('Daniel', 'Clark', '2003-03-16', 2, 3)
INSERT Student(First_Name, Last_Name, DOB, Honors_ID, Status_ID) VALUES ('Madison', 'Moore', '2003-04-17', 1, 4)
INSERT Student(First_Name, Last_Name, DOB, Honors_ID, Status_ID) VALUES ('Christopher', 'Rodriguez', '2003-05-18', 2, 1)
INSERT Student(First_Name, Last_Name, DOB, Honors_ID, Status_ID) VALUES ('Ava', 'Lewis', '2003-06-19', 1, 2)
INSERT Student(First_Name, Last_Name, DOB, Honors_ID, Status_ID) VALUES ('Matthew', 'Hall', '2003-07-20', 2, 3)
INSERT Student(First_Name, Last_Name, DOB, Honors_ID, Status_ID) VALUES ('Grace', 'Walker', '2003-08-21', 1, 4)

update Student set Timestamp = getdate();

ALTER TABLE
  Student
ALTER COLUMN
  Timestamp
    Datetime NOT NULL;

--- POPULATE TABLE 17: COURSE ---

INSERT Course(Department, Course_Number, Course_Title, PreReqs, CoReqs) Values (1, 350, 'Calculus II', 'MAT347', 'ENG256')
INSERT Course(Department, Course_Number, Course_Title) Values (2, 347, 'Math for Computer Science')
INSERT Course(Department, Course_Number, Course_Title) Values (3, 256, 'Differential Equations')
INSERT Course(Department, Course_Number, Course_Title) Values (4, 314, 'Particle Physics')
INSERT Course(Department, Course_Number, Course_Title) Values (5, 423, 'Genetics and Molecular Biology')
INSERT Course(Department, Course_Number, Course_Title) Values (6, 253, 'Non-Organic Chemistry')
INSERT Course(Department, Course_Number, Course_Title) Values (7, 205, 'Urban Design')
INSERT Course(Department, Course_Number, Course_Title) Values (8, 150, 'Geology of Middle East')
INSERT Course(Department, Course_Number, Course_Title) Values (9, 112, 'History of Commercial Flight')
INSERT Course(Department, Course_Number, Course_Title) Values (2, 524, 'Advanced Cryptography US Gov.')

--- POPULATE TABLE 18: SECTION ---

INSERT Section(Registration_Limit, Slot_ID, Location_ID, Instructor_ID, Semester_ID, Course_ID) Values (5, 2, 4, 2, 1, 1)
INSERT Section(Registration_Limit, Slot_ID, Location_ID, Instructor_ID, Semester_ID, Course_ID) Values (10, 1, 1, 5, 2, 2)
INSERT Section(Registration_Limit, Slot_ID, Location_ID, Instructor_ID, Semester_ID, Course_ID) Values (3, 4, 6, 4, 2, 3)
INSERT Section(Registration_Limit, Slot_ID, Location_ID, Instructor_ID, Semester_ID, Course_ID) Values (8, 19, 5, 6, 3, 4)
INSERT Section(Registration_Limit, Slot_ID, Location_ID, Instructor_ID, Semester_ID, Course_ID) Values (7, 11, 2, 3, 4, 5)
INSERT Section(Registration_Limit, Slot_ID, Location_ID, Instructor_ID, Semester_ID, Course_ID) Values (9, 25, 2, 3, 1, 6)
INSERT Section(Registration_Limit, Slot_ID, Location_ID, Instructor_ID, Semester_ID, Course_ID) Values (15, 5, 4, 1, 1, 7)
INSERT Section(Registration_Limit, Slot_ID, Location_ID, Instructor_ID, Semester_ID, Course_ID) Values (13, 72, 7, 3, 2, 8)
INSERT Section(Registration_Limit, Slot_ID, Location_ID, Instructor_ID, Semester_ID, Course_ID) Values (17, 60, 3, 6, 3, 9)
INSERT Section(Registration_Limit, Slot_ID, Location_ID, Instructor_ID, Semester_ID, Course_ID) Values (21, 5, 5, 4, 1, 7)
INSERT Section(Registration_Limit, Slot_ID, Location_ID, Instructor_ID, Semester_ID, Course_ID) Values (25, 2, 4, 7, 4, 1)
INSERT Section(Registration_Limit, Slot_ID, Location_ID, Instructor_ID, Semester_ID, Course_ID) Values (5, 43, 1, 5, 3, 2)
INSERT Section(Registration_Limit, Slot_ID, Location_ID, Instructor_ID, Semester_ID, Course_ID) Values (8, 17, 6, 6, 2, 3)
INSERT Section(Registration_Limit, Slot_ID, Location_ID, Instructor_ID, Semester_ID, Course_ID) Values (30, 19, 5, 2, 3, 4)
INSERT Section(Registration_Limit, Slot_ID, Location_ID, Instructor_ID, Semester_ID, Course_ID) Values (18, 33, 2, 3, 4, 5)
INSERT Section(Registration_Limit, Slot_ID, Location_ID, Instructor_ID, Semester_ID, Course_ID) Values (42, 48, 2, 3, 4, 6)

--- POPULATE TABLE 19: REGISTRATION ---

INSERT Registration(Section_ID, Student_ID, Grade_ID) VALUES (1, 4, 8)
INSERT Registration(Section_ID, Student_ID, Grade_ID) VALUES (2, 15, 14)
INSERT Registration(Section_ID, Student_ID, Grade_ID) VALUES (3, 6, 5)
INSERT Registration(Section_ID, Student_ID, Grade_ID) VALUES (4, 11, 3)
INSERT Registration(Section_ID, Student_ID, Grade_ID) VALUES (5, 19, 11)
INSERT Registration(Section_ID, Student_ID, Grade_ID) VALUES (6, 2, 9)
INSERT Registration(Section_ID, Student_ID, Grade_ID) VALUES (7, 7, 2)
INSERT Registration(Section_ID, Student_ID, Grade_ID) VALUES (8, 10, 7)
INSERT Registration(Section_ID, Student_ID, Grade_ID) VALUES (10, 5, 10)
INSERT Registration(Section_ID, Student_ID, Grade_ID) VALUES (11, 13, 6)
INSERT Registration(Section_ID, Student_ID, Grade_ID) VALUES (12, 16, 1)
INSERT Registration(Section_ID, Student_ID, Grade_ID) VALUES (13, 3, 12)
INSERT Registration(Section_ID, Student_ID, Grade_ID) VALUES (15, 12, 4)
INSERT Registration(Section_ID, Student_ID, Grade_ID) VALUES (16, 1, 13)
INSERT Registration(Section_ID, Student_ID, Grade_ID) VALUES (1, 9, 10)
INSERT Registration(Section_ID, Student_ID, Grade_ID) VALUES (2, 17, 3)
INSERT Registration(Section_ID, Student_ID, Grade_ID) VALUES (3, 14, 14)
INSERT Registration(Section_ID, Student_ID, Grade_ID) VALUES (4, 20, 5)
INSERT Registration(Section_ID, Student_ID, Grade_ID) VALUES (5, 1, 8)
INSERT Registration(Section_ID, Student_ID, Grade_ID) VALUES (7, 10, 1)
INSERT Registration(Section_ID, Student_ID, Grade_ID) VALUES (8, 5, 6)
INSERT Registration(Section_ID, Student_ID, Grade_ID) VALUES (9, 19, 7)
INSERT Registration(Section_ID, Student_ID, Grade_ID) VALUES (10, 12, 11)
INSERT Registration(Section_ID, Student_ID, Grade_ID) VALUES (11, 15, 9)
INSERT Registration(Section_ID, Student_ID, Grade_ID) VALUES (12, 6, 13)
INSERT Registration(Section_ID, Student_ID, Grade_ID) VALUES (13, 8, 12)
INSERT Registration(Section_ID, Student_ID, Grade_ID) VALUES (15, 4, 2)
INSERT Registration(Section_ID, Student_ID, Grade_ID) VALUES (16, 13, 4)
INSERT Registration(Section_ID, Student_ID, Grade_ID) VALUES (1, 17, 10)
INSERT Registration(Section_ID, Student_ID, Grade_ID) VALUES (2, 14, 5)
INSERT Registration(Section_ID, Student_ID, Grade_ID) VALUES (4, 9, 7)
INSERT Registration(Section_ID, Student_ID, Grade_ID) VALUES (5, 16, 2)
INSERT Registration(Section_ID, Student_ID, Grade_ID) VALUES (6, 3, 9)
INSERT Registration(Section_ID, Student_ID, Grade_ID) VALUES (7, 18, 6)
INSERT Registration(Section_ID, Student_ID, Grade_ID) VALUES (8, 20, 4)
INSERT Registration(Section_ID, Student_ID, Grade_ID) VALUES (9, 1, 8)
INSERT Registration(Section_ID, Student_ID, Grade_ID) VALUES (10, 9, 1)
INSERT Registration(Section_ID, Student_ID, Grade_ID) VALUES (12, 17, 3)
INSERT Registration(Section_ID, Student_ID, Grade_ID) VALUES (13, 7, 11)
INSERT Registration(Section_ID, Student_ID, Grade_ID) VALUES (14, 11, 14)
INSERT Registration(Section_ID, Student_ID, Grade_ID) VALUES (15, 4, 12)
INSERT Registration(Section_ID, Student_ID, Grade_ID) VALUES (16, 18, 13)
INSERT Registration(Section_ID, Student_ID, Grade_ID) VALUES (1, 12, 5)
INSERT Registration(Section_ID, Student_ID, Grade_ID) VALUES (2, 15, 2)
INSERT Registration(Section_ID, Student_ID, Grade_ID) VALUES (3, 2, 8)
INSERT Registration(Section_ID, Student_ID, Grade_ID) VALUES (5, 10, 7)
INSERT Registration(Section_ID, Student_ID, Grade_ID) VALUES (6, 16, 4)
INSERT Registration(Section_ID, Student_ID, Grade_ID) VALUES (7, 13, 11)
INSERT Registration(Section_ID, Student_ID, Grade_ID) VALUES (9, 3, 10)
INSERT Registration(Section_ID, Student_ID, Grade_ID) VALUES (10, 6, 6)
INSERT Registration(Section_ID, Student_ID, Grade_ID) VALUES (11, 8, 3)
INSERT Registration(Section_ID, Student_ID, Grade_ID) VALUES (12, 20, 12)
INSERT Registration(Section_ID, Student_ID, Grade_ID) VALUES (13, 1, 9)
INSERT Registration(Section_ID, Student_ID, Grade_ID) VALUES (14, 2, 1)
INSERT Registration(Section_ID, Student_ID, Grade_ID) VALUES (15, 15, 14)
INSERT Registration(Section_ID, Student_ID, Grade_ID) VALUES (16, 10, 3)
INSERT Registration(Section_ID, Student_ID, Grade_ID) VALUES (9, 18, 1)
INSERT Registration(Section_ID, Student_ID, Grade_ID) VALUES (14, 8, 2)
INSERT Registration(Section_ID, Student_ID, Grade_ID) VALUES (6, 7, 3)
INSERT Registration(Section_ID, Student_ID, Grade_ID) VALUES (14, 11, 4)
INSERT Registration(Section_ID, Student_ID, Grade_ID) VALUES (3, 2, 5)
INSERT Registration(Section_ID, Student_ID, Grade_ID) VALUES (11, 14, 6)
INSERT Registration(Section_ID, Student_ID, Grade_ID) VALUES (4, 5, 7)
INSERT Registration(Section_ID, Student_ID, Grade_ID) VALUES (8, 19, 8)


--- CREATE FUNCTION TO ENCRYPT PASSWORDS ---

CREATE FUNCTION encryptPw2 
(
	@Pw_chars varchar(20)
)
RETURNS varchar(MAX)

AS

BEGIN
	DECLARE @result varchar(MAX);

	DECLARE @hashedValue VARBINARY(8000) = HASHBYTES('SHA2_256', @Pw_chars);

	SET @result = (
		SELECT CAST(N'' AS XML).value('xs:base64Binary(xs:hexBinary(sql:column("Encrypted")))', 'VARCHAR(MAX)') AS Base64Encoding
		FROM (
		  SELECT @hashedValue AS [Encrypted]
		) AS pw_str
	);

	RETURN @result;
END;

--- POPULATE TABLE 20 STUDENTLOGIN ---
INSERT INTO StudentLogin(LoginID, [password]) VALUES (1, dbo.encryptPw2('helloWorld'));
INSERT INTO StudentLogin(LoginID, [password]) VALUES (2, dbo.encryptPw2('FootballFan'));
INSERT INTO StudentLogin(LoginID, [password]) VALUES (3, dbo.encryptPw2('College21!'));
INSERT INTO StudentLogin(LoginID, [password]) VALUES (4, dbo.encryptPw2('StudyHard19'));
INSERT INTO StudentLogin(LoginID, [password]) VALUES (5, dbo.encryptPw2('Coffee&Code'));
INSERT INTO StudentLogin(LoginID, [password]) VALUES (6, dbo.encryptPw2('CampusLife22'));
INSERT INTO StudentLogin(LoginID, [password]) VALUES (7, dbo.encryptPw2('PassTheExam'));
INSERT INTO StudentLogin(LoginID, [password]) VALUES (8, dbo.encryptPw2('BookWorm2023'));
INSERT INTO StudentLogin(LoginID, [password]) VALUES (9, dbo.encryptPw2('PizzaLover'));
INSERT INTO StudentLogin(LoginID, [password]) VALUES (10, dbo.encryptPw2('1234College'));
INSERT INTO StudentLogin(LoginID, [password]) VALUES (11, dbo.encryptPw2('SpringBreak!'));
INSERT INTO StudentLogin(LoginID, [password]) VALUES (12, dbo.encryptPw2('CoolStudent'));
INSERT INTO StudentLogin(LoginID, [password]) VALUES (13, dbo.encryptPw2('LateNights'));
INSERT INTO StudentLogin(LoginID, [password]) VALUES (14, dbo.encryptPw2('EssayTime20'));
INSERT INTO StudentLogin(LoginID, [password]) VALUES (15, dbo.encryptPw2('StarGazer17'));
INSERT INTO StudentLogin(LoginID, [password]) VALUES (16, dbo.encryptPw2('TechGeek123'));
INSERT INTO StudentLogin(LoginID, [password]) VALUES (17, dbo.encryptPw2('Sun&Sand2022'));
INSERT INTO StudentLogin(LoginID, [password]) VALUES (18, dbo.encryptPw2('SmartMind18'));
INSERT INTO StudentLogin(LoginID, [password]) VALUES (19, dbo.encryptPw2('GroupProject'));
INSERT INTO StudentLogin(LoginID, [password]) VALUES (20, dbo.encryptPw2('EasyA2024'));

--- POPULATE TABLE 21 INSTRUCTORLOGIN ---

INSERT INTO InstructorLogin(LoginID, [password]) VALUES (1, dbo.encryptPw2('helloWorld'));
INSERT INTO InstructorLogin(LoginID, [password]) VALUES (2, dbo.encryptPw2('TeachingIsFun'));
INSERT INTO InstructorLogin(LoginID, [password]) VALUES (3, dbo.encryptPw2('A+teacher'));
INSERT INTO InstructorLogin(LoginID, [password]) VALUES (4, dbo.encryptPw2('abcdefghi'));
INSERT INTO InstructorLogin(LoginID, [password]) VALUES (5, dbo.encryptPw2('teach20?!'));
INSERT INTO InstructorLogin(LoginID, [password]) VALUES (6, dbo.encryptPw2('Read&Learn'));
INSERT INTO InstructorLogin(LoginID, [password]) VALUES (7, dbo.encryptPw2('textbooks9876#'));

--- POPULATE TABLE 22 ADMINISTRATOR ---

INSERT INTO Administrator(Admin_Title, First_Name, Last_Name) VALUES('Dr.', 'Jakob', 'Brooks');

--- POPULATE TABLE 23 ADMINISTRATORLOGIN ---

INSERT INTO AdministratorLogin(LoginID, [password]) VALUES (1, dbo.encryptPw2('helloWorld'));

--- run encryption.sql script  ---